AccountWeeks,ContractRenewal,DataPlan,DataUsage,CustServCalls,DayMins,DayCalls,MonthlyCharge,OverageFee,RoamMins,Churn
144,1,0,0.21,4,61.6,117,20.1,3.86,8.2,1
66,1,0,0.0,0,34.0,133,30.0,13.93,11.5,0
72,1,0,0.0,1,138.9,111,42.0,10.58,10.8,0
97,1,0,0.0,0,225.1,90,63.0,13.98,8.8,1
88,1,0,0.0,3,183.5,93,46.0,8.53,8.3,0
132,1,1,3.11,0,182.9,54,87.1,14.62,11.5,0
84,1,0,0.26,2,190.2,102,52.6,9.89,9.8,0
91,0,0,0.31,3,129.9,112,40.1,8.67,11.2,0
73,1,0,0.0,1,286.4,109,64.0,8.91,10.7,1
174,1,0,0.0,0,235.5,108,53.0,7.12,12.5,0
50,1,0,0.0,1,183.6,107,37.0,2.93,8.7,0
123,1,0,0.0,4,123.2,104,38.0,9.5,12.9,1
72,1,0,0.0,4,287.4,116,69.0,11.77,5.0,1
57,0,1,3.08,2,234.5,130,87.8,9.76,11.4,0
124,1,0,0.0,1,169.3,108,44.0,8.93,12.2,0
184,1,1,2.75,0,200.3,76,83.5,12.68,10.2,0
135,1,0,0.0,0,154.4,130,44.0,10.19,11.8,0
7,1,1,2.92,1,221.4,114,81.2,8.29,10.8,0
89,0,0,0.0,1,125.6,108,40.0,10.65,5.4,0
63,1,1,2.32,1,30.9,113,45.2,9.35,8.6,0
97,1,0,0.0,3,211.0,76,52.0,9.45,4.7,0
76,1,1,2.19,1,214.6,110,75.9,10.26,8.1,0
13,1,0,0.0,2,143.1,139,45.0,11.98,7.1,0
119,1,0,0.34,1,222.8,122,55.4,8.16,11.2,0
104,1,0,0.0,3,264.0,108,57.0,6.61,10.6,0
71,1,0,0.0,0,104.0,92,35.0,9.85,14.6,0
132,1,0,0.0,0,81.1,86,35.0,12.26,10.3,0
98,1,0,0.16,1,171.7,99,46.6,8.74,7.8,0
82,1,0,0.31,6,167.1,77,43.1,6.59,9.4,1
96,1,1,2.84,1,183.4,126,76.4,9.78,10.5,0
65,1,1,2.38,2,215.5,129,74.8,8.1,8.8,0
81,0,1,2.13,1,237.1,76,84.3,13.21,7.9,0
106,1,1,2.21,3,88.5,100,65.1,16.24,8.2,0
99,1,0,0.0,0,169.2,70,52.0,13.58,10.6,0
129,0,0,0.0,1,267.4,78,63.0,10.21,5.9,0
93,0,1,3.78,1,225.7,117,86.8,5.98,14.0,1
129,1,1,2.51,3,177.3,95,74.1,10.59,9.3,0
86,1,1,2.57,0,119.0,101,65.7,11.5,9.5,0
41,1,0,0.0,3,232.1,74,68.0,16.36,10.9,1
128,0,0,0.0,0,245.2,112,51.0,5.08,10.7,0
84,1,1,2.03,4,207.5,138,73.3,10.05,7.5,0
102,1,0,0.0,0,114.8,125,27.0,4.1,12.0,0
172,1,0,0.0,1,211.7,100,53.0,9.94,6.5,0
110,1,0,0.0,3,188.0,127,40.0,4.53,15.3,0
93,1,0,0.0,0,114.3,100,39.0,11.06,10.9,0
96,1,1,2.67,1,145.8,108,68.7,9.61,9.9,0
122,1,0,0.23,2,140.1,120,46.3,11.57,11.2,0
38,1,0,0.42,5,175.7,109,52.2,10.59,9.2,1
126,1,0,0.0,5,58.2,94,22.0,6.94,11.9,1
128,1,0,0.0,1,158.8,75,50.0,13.24,7.6,0
117,1,0,0.0,2,191.1,93,57.0,14.14,12.0,0
114,1,0,0.0,5,147.1,119,39.0,8.05,9.0,1
21,1,0,0.0,2,91.9,109,33.0,9.92,13.0,0
61,1,0,0.2,1,234.2,76,61.0,10.84,13.9,0
99,1,0,0.0,0,182.6,83,45.0,7.73,12.1,0
124,0,0,0.0,3,157.8,71,45.0,10.16,10.0,1
73,1,0,0.0,1,187.3,118,53.0,11.99,15.1,0
93,1,0,0.0,2,164.9,68,46.0,10.52,7.8,0
109,1,0,0.27,0,162.6,138,43.7,7.7,11.5,0
115,1,0,0.0,1,206.2,113,51.0,8.82,11.0,0
141,1,0,0.24,2,160.1,87,52.4,12.84,7.0,0
77,1,0,0.0,2,233.8,104,63.0,13.33,7.6,0
67,1,1,3.48,2,186.2,117,91.8,14.34,12.9,0
99,1,0,0.0,2,140.7,88,42.0,10.55,12.4,0
88,1,0,0.29,2,148.2,82,54.9,15.44,6.4,0
74,1,0,0.0,0,155.7,116,42.0,8.69,8.1,0
63,1,0,0.0,0,261.8,69,66.0,12.25,14.7,1
67,1,1,3.62,0,174.7,86,80.2,8.03,13.4,0
98,1,0,0.0,4,221.2,80,56.0,10.68,11.9,0
111,1,0,0.0,4,229.4,107,58.0,10.71,10.4,0
15,1,0,0.0,2,121.1,130,39.0,10.8,16.1,0
143,1,1,2.57,1,239.2,109,86.7,11.78,9.5,0
74,1,0,0.0,0,136.7,106,43.0,11.43,9.8,0
148,1,0,0.0,1,239.3,84,58.0,9.79,10.9,0
104,1,1,3.0,1,189.1,112,78.0,8.91,11.1,0
85,0,0,0.38,4,197.2,97,55.8,10.59,8.3,0
89,1,1,2.35,1,209.9,113,80.5,12.49,8.7,0
141,1,1,2.0,1,308.0,123,94.0,12.39,7.4,0
96,1,1,3.0,2,175.8,96,78.0,10.33,11.1,0
93,1,1,3.38,2,136.8,113,72.8,8.98,12.5,0
103,1,0,0.0,1,166.6,84,45.0,9.62,7.7,0
59,1,0,0.0,0,179.4,80,51.0,11.63,14.7,0
159,1,0,0.0,1,87.7,103,39.0,13.91,10.5,0
39,1,0,0.0,2,160.4,68,36.0,5.13,9.1,0
117,1,1,1.19,0,221.3,82,63.9,8.38,4.4,0
22,1,0,0.0,0,207.7,116,54.0,10.53,9.6,0
137,0,0,0.0,2,135.1,95,35.0,6.71,12.3,1
72,1,0,0.28,0,196.5,88,49.8,7.93,6.8,0
132,1,0,0.0,1,169.9,107,47.0,10.47,11.5,0
100,1,0,0.33,4,210.9,85,67.3,16.47,9.4,0
88,1,1,2.65,2,190.6,104,79.5,11.87,9.8,0
106,1,0,0.0,2,210.6,96,57.0,12.46,12.4,1
61,1,1,2.94,3,270.7,53,93.4,10.04,10.9,0
63,0,0,0.0,1,62.9,112,28.0,10.15,8.9,0
90,1,0,0.0,2,207.2,121,61.0,14.63,8.0,0
116,1,0,0.0,3,245.9,73,63.0,12.01,8.9,0
132,1,0,0.0,0,222.4,85,52.0,8.27,11.2,0
114,1,1,3.11,2,137.1,88,68.1,7.79,11.5,0
70,1,0,0.0,3,214.8,87,48.0,6.55,9.4,0
57,1,0,0.0,0,85.9,92,32.0,9.7,10.1,0
64,1,0,0.0,1,206.2,76,55.0,11.62,13.6,0
67,1,0,0.0,2,171.7,80,39.0,5.52,11.9,0
48,1,1,3.56,1,141.1,109,79.6,11.24,13.2,0
98,1,1,0.0,2,64.6,98,26.0,8.81,0.0,0
99,1,0,0.0,1,54.8,92,25.0,8.65,7.5,0
122,1,0,0.0,1,35.1,62,22.0,9.04,12.7,0
73,1,0,0.41,1,157.6,92,48.1,9.92,9.1,0
25,1,0,0.33,2,242.6,69,63.3,10.45,14.4,0
87,1,1,0.0,1,165.8,122,45.0,9.35,0.0,0
93,1,0,0.19,1,152.1,141,46.9,10.78,12.0,0
71,1,1,3.81,1,175.7,82,90.1,12.95,14.1,0
118,1,1,2.57,1,289.5,52,89.7,8.33,9.5,0
81,1,0,0.0,2,173.2,80,50.0,11.81,11.8,0
92,0,0,0.0,3,252.3,120,61.0,10.35,12.0,1
116,1,1,2.21,3,155.7,104,65.1,9.27,8.2,0
117,1,0,0.0,1,97.1,98,36.0,11.4,10.6,0
97,1,0,0.0,1,168.6,87,51.0,12.96,7.3,0
85,1,0,0.0,3,225.0,81,54.0,8.85,7.1,0
100,1,0,0.0,2,142.5,87,41.0,9.79,7.8,0
112,1,0,0.28,2,266.0,97,66.8,10.73,14.2,1
103,1,1,3.11,0,149.9,84,72.1,8.55,11.5,1
53,1,1,3.46,2,131.2,63,76.6,11.37,12.8,0
84,1,1,1.54,2,106.5,65,53.4,11.29,5.7,0
132,1,0,0.0,1,190.1,105,48.0,9.11,13.0,0
101,1,0,0.37,4,253.2,89,67.7,11.9,9.7,0
148,1,0,0.0,0,124.4,83,37.0,8.99,11.3,0
55,1,1,2.32,2,105.3,82,58.2,9.87,8.6,0
66,1,0,0.0,1,146.4,107,42.0,9.83,7.8,0
116,1,0,0.0,0,129.4,84,36.0,7.87,13.3,0
53,1,0,0.0,2,145.1,116,45.0,11.69,7.9,0
163,1,1,3.32,2,231.9,56,91.2,10.59,12.3,0
140,1,0,0.0,3,149.7,71,44.0,10.63,12.6,0
36,1,0,0.0,1,178.6,83,49.0,10.66,10.9,0
43,1,0,0.26,2,159.5,99,40.6,5.99,6.8,0
103,1,1,3.19,1,138.8,80,67.9,7.1,11.8,0
62,1,0,0.0,4,120.7,70,47.0,15.36,13.1,0
125,0,0,0.0,0,187.3,118,46.0,8.04,9.6,1
74,1,0,0.22,0,102.7,89,33.2,7.47,11.0,0
101,1,1,3.92,1,144.1,144,78.2,8.38,14.5,0
107,1,0,0.0,0,241.9,102,52.0,6.35,11.7,0
67,0,0,0.0,2,120.9,58,41.0,11.75,11.4,0
142,1,1,1.73,1,230.7,101,79.3,12.84,6.4,0
145,1,1,4.21,2,147.5,90,83.1,8.79,15.6,0
138,0,1,2.89,3,211.2,117,91.9,15.63,10.7,1
48,1,0,0.0,2,300.4,94,63.0,6.66,7.2,0
155,0,0,0.0,2,250.8,146,56.0,7.63,10.0,0
99,1,0,0.0,2,128.3,78,41.0,10.77,14.3,0
144,1,1,1.76,2,189.8,96,60.6,6.17,6.5,1
77,1,1,2.62,2,211.1,89,81.2,11.18,9.7,0
64,1,0,0.0,1,219.6,126,64.0,15.17,9.7,0
93,1,0,0.42,0,190.2,68,59.2,13.11,8.8,0
113,0,0,0.0,0,125.2,93,39.0,10.32,8.3,0
160,1,0,0.31,0,174.3,105,48.1,8.57,8.3,0
128,1,0,0.0,1,187.3,84,55.0,13.54,10.1,0
126,0,0,0.0,1,239.7,87,65.0,14.09,11.4,1
76,1,0,0.0,1,143.7,55,40.0,8.66,5.8,0
163,1,1,2.81,1,160.0,104,72.1,9.47,10.4,0
115,1,1,1.51,2,133.3,110,54.1,9.29,5.6,0
106,1,1,3.54,0,220.1,105,92.4,11.11,13.1,0
149,1,1,2.94,1,206.7,79,79.4,8.73,10.9,0
131,0,1,3.73,4,292.9,101,104.3,9.99,13.8,1
85,1,0,0.0,4,183.4,111,46.0,8.44,9.9,0
81,1,1,3.16,3,115.9,120,71.6,11.83,11.7,0
110,1,0,0.29,2,149.8,112,43.9,9.0,11.7,0
157,1,0,0.0,1,152.7,105,48.0,12.88,9.4,0
76,1,0,0.0,0,204.2,100,60.0,14.63,10.5,0
123,1,1,3.38,1,198.7,127,88.8,12.45,12.5,0
99,1,0,0.33,1,145.6,106,37.3,4.92,10.9,0
131,1,0,0.0,2,94.4,80,35.0,10.76,13.1,0
106,1,0,0.0,1,191.4,124,50.0,10.04,8.2,0
129,1,0,0.0,0,334.3,118,74.0,9.61,10.4,1
139,1,0,0.0,2,271.6,130,60.0,7.8,11.6,0
70,1,0,0.0,0,148.4,110,48.0,13.36,8.9,0
157,1,0,0.0,2,240.2,67,54.0,7.65,10.2,0
134,1,0,0.0,0,296.0,93,70.0,11.32,12.3,1
103,1,1,2.94,6,87.2,92,59.4,8.47,10.9,1
105,1,0,0.0,0,270.9,98,66.0,11.31,8.8,1
177,1,0,0.0,1,175.4,99,44.0,7.77,11.5,0
112,1,0,0.0,1,81.6,94,37.0,13.41,8.6,0
168,1,1,1.97,2,175.9,70,67.7,10.59,7.3,0
150,1,0,0.0,4,136.6,112,42.0,10.47,12.2,1
73,1,0,0.0,1,122.0,92,33.0,6.92,5.8,0
157,1,1,1.84,3,192.6,107,68.4,9.78,6.8,0
92,1,0,0.31,2,176.3,85,41.1,4.67,9.6,0
124,1,0,0.0,0,194.0,103,54.0,12.05,11.9,0
56,1,0,0.0,4,222.7,133,62.0,13.85,13.6,0
95,0,1,1.11,0,220.2,109,65.1,9.27,4.1,1
138,1,0,0.0,0,205.9,96,57.0,12.86,12.1,0
59,1,0,0.0,0,195.0,58,51.0,9.93,14.8,0
111,1,0,0.0,4,172.8,58,45.0,9.16,7.9,1
117,1,1,2.32,1,80.2,81,56.2,10.95,8.6,0
58,1,0,0.0,1,149.4,145,43.0,9.83,14.9,0
111,1,0,0.25,2,191.3,80,47.5,6.93,6.4,0
33,0,0,0.0,0,164.0,99,41.0,7.66,6.4,0
132,1,0,0.0,3,240.1,115,57.0,9.02,8.0,0
102,1,0,0.33,0,144.4,87,51.3,13.33,7.1,0
97,1,0,0.27,3,144.2,91,46.7,11.34,13.8,0
79,1,1,3.24,1,236.7,95,95.4,13.18,12.0,0
148,1,0,0.15,1,203.0,92,49.5,7.55,14.6,0
63,1,0,0.0,3,132.9,122,29.0,3.35,9.9,0
108,1,0,0.0,3,201.1,101,49.0,8.54,11.6,0
116,1,0,0.0,0,288.0,120,71.0,12.79,13.4,1
197,1,0,0.24,3,154.8,111,43.4,8.58,10.6,0
111,1,0,0.26,2,142.3,75,37.6,6.14,12.8,0
128,1,0,0.0,1,237.9,125,62.0,12.38,13.9,1
147,1,0,0.0,3,130.6,83,40.0,10.41,15.6,0
80,1,0,0.0,0,194.8,116,51.0,10.5,12.8,0
32,1,1,3.51,0,232.8,97,91.1,9.18,13.0,0
160,1,0,0.17,1,216.8,77,56.7,10.37,5.6,0
24,1,0,0.0,0,235.6,132,50.0,5.8,16.2,0
123,1,0,0.0,2,114.8,94,33.0,7.5,9.6,0
116,1,0,0.0,1,51.1,106,27.0,10.43,12.3,0
172,1,0,0.0,3,212.0,121,39.0,1.56,12.6,0
67,1,0,0.31,2,129.0,78,41.1,9.4,11.2,0
163,0,0,0.0,1,197.2,90,50.0,9.43,7.8,0
60,1,0,0.0,1,179.3,147,49.0,10.45,13.5,1
120,1,0,0.0,1,137.3,100,42.0,10.61,10.5,0
54,1,0,0.0,1,286.6,73,68.0,11.16,11.5,1
50,0,1,2.16,0,307.1,94,98.6,14.47,8.0,0
52,1,0,0.0,0,165.5,78,46.0,10.28,12.2,0
125,1,1,1.46,1,201.3,117,52.6,2.11,5.4,0
153,1,0,0.33,0,228.9,102,56.3,8.04,12.5,0
84,1,0,0.0,1,159.0,80,42.0,8.4,12.3,0
146,1,0,0.0,1,109.0,69,42.0,13.29,12.6,0
80,1,0,0.0,0,101.1,121,40.0,13.16,7.3,0
91,1,1,1.78,3,204.6,96,64.8,6.8,6.6,0
128,1,0,0.0,4,199.3,86,51.0,9.74,14.3,0
19,1,0,0.14,2,186.1,98,55.4,12.72,14.6,0
89,1,0,0.0,1,303.9,95,74.0,13.05,5.3,1
184,1,0,0.0,1,236.4,73,65.0,14.37,13.8,1
120,1,0,0.0,2,177.2,88,54.0,13.52,14.0,0
108,1,0,0.0,0,198.5,99,57.0,13.39,9.4,1
145,1,0,0.0,1,224.2,89,65.0,15.75,16.1,1
128,1,1,2.7,1,265.1,110,89.0,9.87,10.0,0
125,0,1,4.59,1,260.8,81,104.9,8.19,17.0,1
97,1,0,0.0,3,169.7,84,43.0,8.3,12.8,0
64,1,0,0.29,1,162.6,83,43.9,7.62,14.2,0
143,1,0,0.0,0,209.1,127,45.0,5.31,14.0,0
43,1,0,0.36,0,230.2,147,58.6,9.34,9.2,0
107,1,1,2.24,0,204.2,57,75.4,10.3,8.3,0
145,0,1,3.0,1,175.3,107,73.0,7.67,11.1,0
99,1,0,0.0,3,146.7,64,49.0,13.7,8.9,0
137,1,0,0.0,3,242.1,118,58.0,9.55,14.7,0
204,1,0,0.0,6,174.3,85,52.0,12.71,5.9,0
87,1,0,0.0,3,177.2,72,52.0,12.45,8.6,0
100,1,0,0.0,6,70.8,94,31.0,10.78,9.5,1
123,1,0,0.0,0,154.3,107,42.0,9.15,10.9,0
120,0,0,0.0,1,179.9,72,46.0,8.5,13.8,1
123,0,0,0.0,4,125.5,106,33.0,6.45,6.3,1
69,1,0,0.0,2,167.5,76,50.0,12.11,11.4,0
137,1,0,0.27,2,205.9,88,55.7,10.47,14.5,0
111,1,0,0.0,0,197.1,117,53.0,11.39,9.3,0
65,1,0,0.0,1,136.1,112,47.0,13.65,4.4,0
113,1,0,0.0,1,209.4,151,66.0,17.37,7.4,1
139,1,0,0.0,1,165.0,132,50.0,12.49,12.6,0
124,1,0,0.0,3,178.3,102,51.0,11.75,10.9,0
121,1,1,2.62,5,263.1,70,95.2,13.97,9.7,0
45,1,1,2.08,1,91.7,104,49.8,7.53,7.7,0
164,1,1,2.59,3,159.7,102,67.9,8.44,9.6,0
100,1,0,0.21,0,160.3,138,49.1,11.07,11.2,0
89,1,0,0.0,0,105.9,151,35.0,9.48,12.7,0
144,1,0,0.0,0,133.3,101,45.0,12.78,11.6,0
55,1,0,0.0,2,119.7,148,41.0,11.59,4.6,0
92,1,0,0.0,1,157.7,101,53.0,14.93,13.8,0
75,1,0,0.0,1,190.5,91,48.0,8.92,13.1,0
94,1,0,0.0,2,220.8,111,51.0,7.81,10.5,0
68,1,1,3.97,1,176.0,118,93.7,13.9,14.7,0
127,1,1,1.3,0,173.0,91,64.0,12.29,4.8,0
65,1,0,0.0,1,116.8,87,36.0,8.95,14.1,0
119,1,0,0.0,2,81.9,75,36.0,12.69,8.9,1
66,1,0,0.0,2,256.3,135,59.0,9.01,6.2,0
148,1,0,0.45,1,185.2,87,50.5,8.52,9.5,0
86,1,0,0.0,1,83.8,121,35.0,12.01,6.7,0
117,0,0,0.0,2,167.1,86,44.0,8.88,14.1,1
70,1,0,0.17,0,126.3,99,35.7,7.08,9.6,0
84,1,0,0.27,1,86.0,83,39.7,13.04,8.9,0
83,1,1,3.54,3,155.9,122,76.4,8.12,13.1,0
69,1,0,0.0,3,183.4,85,52.0,11.88,9.0,0
116,1,1,1.89,2,204.7,118,71.9,10.47,7.0,0
67,1,0,0.42,1,167.8,91,47.2,8.39,8.4,0
80,1,1,2.89,4,166.4,92,77.9,11.92,10.7,0
61,0,0,0.0,2,78.2,103,30.0,9.8,10.1,0
93,0,0,0.32,1,168.4,114,56.2,13.8,11.4,0
101,1,0,0.3,1,0.0,0,20.0,9.61,7.2,0
96,0,0,0.0,2,200.6,117,59.0,14.48,11.2,0
93,1,0,0.0,3,267.9,114,65.0,11.15,11.3,1
66,1,1,1.46,2,254.9,108,78.6,12.16,5.4,0
58,0,1,2.4,1,142.8,96,72.0,13.62,8.9,0
123,1,1,4.16,1,270.4,99,108.6,12.26,15.4,0
79,1,0,0.0,2,236.8,135,57.0,9.32,10.4,0
139,1,0,0.0,1,236.6,109,55.0,8.5,11.1,1
78,1,0,0.17,1,109.5,105,44.7,14.31,4.9,0
93,1,1,2.54,2,218.7,117,72.4,5.75,9.4,0
119,1,0,0.23,2,154.5,129,45.3,9.68,13.4,0
38,1,0,0.0,3,194.4,94,49.0,9.34,10.8,0
98,1,1,1.78,2,111.1,105,55.8,10.9,6.6,0
130,1,1,3.29,1,174.5,120,81.9,10.88,12.2,0
52,1,0,0.0,2,217.0,104,50.0,7.62,11.8,0
64,1,1,2.86,2,182.1,91,74.6,8.49,10.6,0
146,0,0,0.0,3,204.4,135,54.0,10.96,10.5,0
129,1,0,0.0,2,216.0,85,53.0,9.35,4.9,0
194,1,0,0.0,0,162.3,88,46.0,10.69,10.9,0
163,1,0,0.35,0,247.7,77,69.5,13.48,9.6,1
173,1,0,0.0,1,109.4,103,28.0,5.07,7.8,0
171,1,0,0.25,0,189.8,122,50.5,8.69,10.3,0
70,1,0,0.0,1,197.3,91,60.0,15.29,6.7,0
81,1,0,0.0,0,129.9,121,42.0,11.51,13.3,0
122,1,0,0.0,0,136.7,115,44.0,12.16,8.6,0
123,1,0,0.0,0,224.0,99,56.0,10.54,2.1,0
89,1,1,2.84,2,188.0,105,73.4,7.57,10.5,0
88,1,0,0.0,2,161.5,92,43.0,8.68,7.9,0
95,1,0,0.0,0,198.4,113,54.0,11.8,10.1,0
86,1,1,3.0,3,70.9,163,57.0,8.34,11.1,0
67,1,1,3.92,1,129.6,107,81.2,11.65,14.5,0
182,1,0,0.0,2,279.5,118,65.0,10.16,10.7,1
35,1,0,0.32,2,124.2,102,35.2,6.2,13.1,0
122,1,0,0.39,1,170.5,94,47.9,8.69,11.3,0
53,1,0,0.0,1,164.1,106,46.0,10.3,11.4,0
54,1,0,0.16,2,159.8,99,51.6,13.2,9.7,0
112,1,0,0.0,1,115.8,108,41.0,12.17,13.1,0
115,0,0,0.0,1,180.0,119,48.0,9.94,12.4,0
48,1,0,0.0,1,198.2,73,51.0,10.14,5.1,0
191,1,0,0.0,1,162.0,104,49.0,12.06,10.9,0
57,1,0,0.0,3,161.0,113,46.0,10.4,8.4,0
212,1,0,0.0,1,126.0,96,34.0,7.22,7.6,0
110,1,0,0.0,2,159.5,145,45.0,10.12,16.7,0
173,1,1,1.35,3,232.4,96,71.5,10.6,5.0,0
89,1,0,0.0,1,179.7,128,57.0,14.99,7.6,0
112,1,0,0.0,1,168.6,102,54.0,14.9,9.8,0
75,1,0,0.0,3,224.7,116,55.0,9.6,11.3,0
30,1,0,0.0,3,145.0,76,46.0,12.04,7.1,0
148,1,1,3.05,1,241.7,84,86.5,8.29,11.3,0
54,1,1,3.05,2,112.0,90,67.5,10.4,11.3,0
108,1,0,0.0,0,199.3,104,53.0,11.21,15.2,0
186,1,0,0.0,1,137.8,97,40.0,9.39,8.7,0
168,1,0,0.37,2,183.2,131,50.7,8.96,9.9,0
125,1,0,0.0,1,233.3,65,58.0,10.49,9.1,0
67,1,0,0.0,2,138.9,65,42.0,10.45,9.2,0
148,1,0,0.0,1,86.3,134,36.0,12.33,11.3,0
76,1,0,0.35,0,179.2,85,53.5,11.15,12.4,0
121,1,1,2.54,0,211.9,110,80.4,10.76,9.4,0
95,1,0,0.0,0,197.0,88,50.0,9.52,16.1,0
209,1,0,0.0,3,227.2,128,61.0,12.92,8.9,0
89,1,0,0.0,3,111.2,101,30.0,6.11,12.6,0
79,1,0,0.0,5,157.6,85,44.0,9.71,9.4,1
62,0,1,3.56,0,218.4,93,93.6,11.84,13.2,1
115,1,0,0.0,3,132.0,90,40.0,9.88,0.0,0
25,1,0,0.14,3,119.3,87,40.4,10.58,10.5,0
45,1,1,2.08,1,196.8,92,76.8,12.71,7.7,0
33,1,0,0.0,3,184.4,111,49.0,10.19,9.3,0
110,1,0,0.0,0,162.0,81,49.0,12.38,8.9,0
51,1,0,0.0,1,181.5,108,48.0,9.85,10.3,0
107,1,0,0.0,2,194.5,97,49.0,9.32,12.7,0
117,1,0,0.39,1,119.0,82,40.9,9.38,11.5,0
131,1,0,0.31,1,197.0,79,54.1,10.05,11.6,0
10,1,0,0.0,2,183.0,103,50.0,10.74,8.7,0
208,1,0,0.33,2,326.5,67,74.3,8.82,10.7,1
61,1,0,0.0,2,188.9,105,46.0,7.68,10.2,0
65,1,0,0.0,2,158.8,53,44.0,9.43,9.8,0
70,1,0,0.0,1,129.9,102,40.0,10.44,14.3,0
98,1,1,3.46,3,179.9,97,81.6,9.46,12.8,0
35,1,0,0.0,2,179.2,59,55.0,14.17,5.8,0
123,1,0,0.15,3,211.0,92,56.5,10.85,9.8,0
142,1,1,2.92,1,154.0,75,70.2,8.29,10.8,0
77,1,1,3.11,4,135.9,117,75.1,12.23,11.5,1
68,0,1,3.65,1,195.5,113,84.5,8.58,13.5,1
167,0,0,0.0,2,219.1,100,58.0,12.15,10.1,0
161,0,0,0.0,1,189.6,78,55.0,13.37,1.3,0
146,1,1,2.11,1,202.5,91,76.1,12.07,7.8,0
94,1,0,0.0,0,181.3,135,47.0,9.12,6.7,0
81,1,0,0.13,2,198.4,93,53.3,10.55,10.4,0
73,1,0,0.0,2,187.8,95,45.0,7.46,11.0,0
136,1,0,0.0,0,102.1,75,37.0,10.98,9.8,0
129,1,0,0.0,2,198.4,91,57.0,13.24,9.2,0
99,1,0,0.0,2,174.1,102,39.0,4.96,7.7,0
150,1,0,0.36,3,126.0,99,45.6,11.93,10.2,0
123,1,0,0.24,0,204.4,88,49.4,6.88,10.0,0
95,1,1,3.21,1,129.5,106,76.1,12.45,11.9,0
111,1,1,2.78,2,128.8,104,63.8,7.87,10.3,0
176,1,0,0.0,2,250.9,108,58.0,8.57,9.6,0
60,1,0,0.0,2,252.7,97,62.0,11.06,12.4,0
120,1,0,0.36,2,98.2,99,36.6,9.34,9.3,0
37,1,0,0.0,0,206.0,89,51.0,9.3,8.4,0
86,0,0,0.0,1,266.1,120,61.0,9.1,10.3,0
97,1,1,1.81,5,183.4,94,73.1,13.46,6.7,0
137,1,0,0.0,0,208.8,120,55.0,11.27,11.1,0
129,1,1,1.59,2,119.6,104,60.9,13.94,5.9,0
122,1,1,2.48,7,253.7,84,87.8,11.46,9.2,0
87,1,0,0.29,1,228.7,90,55.9,8.15,11.8,0
138,1,0,0.0,3,251.0,119,51.0,4.56,13.8,0
112,1,1,2.78,1,286.6,79,103.8,15.77,10.3,0
75,1,0,0.26,1,209.4,133,56.6,10.58,7.2,0
134,1,0,0.0,2,7.8,86,16.0,8.57,12.9,0
97,1,0,0.0,1,146.0,121,43.0,10.15,13.3,0
102,1,0,0.0,2,273.2,85,65.0,10.56,13.1,1
160,1,0,0.0,3,97.5,113,40.0,13.41,13.2,0
146,0,0,0.0,2,160.1,63,45.0,10.42,9.2,0
104,1,0,0.34,3,109.1,141,38.4,9.36,10.0,0
101,1,0,0.0,3,269.7,85,64.0,10.38,4.5,1
121,1,0,0.0,3,190.7,103,49.0,9.18,9.8,0
57,1,0,0.19,1,192.8,68,48.9,7.9,12.7,0
44,1,0,0.0,0,202.6,89,49.0,8.15,8.3,0
106,1,0,0.0,0,128.6,83,34.0,6.7,11.4,0
178,1,1,2.84,2,175.4,88,74.4,9.5,10.5,0
170,1,0,0.0,1,285.7,44,63.0,8.38,8.7,1
111,1,0,0.0,0,224.9,117,55.0,9.6,10.3,0
167,1,0,0.0,4,131.6,120,41.0,10.57,11.1,1
100,0,0,0.0,4,219.4,112,57.0,11.29,12.0,0
117,0,0,0.0,1,198.4,121,55.0,12.48,10.5,0
64,1,0,0.31,1,145.5,116,48.1,11.42,8.9,0
94,0,1,2.57,4,197.1,125,77.7,10.73,9.5,0
116,1,1,2.24,1,200.4,104,80.4,13.64,8.3,0
91,1,1,1.67,1,146.1,98,65.7,13.87,6.2,0
99,1,0,0.0,0,142.3,89,42.0,10.23,9.1,0
55,1,0,0.0,2,286.7,100,61.0,6.72,6.9,0
81,0,0,0.0,3,149.4,68,41.0,8.6,17.9,1
68,1,0,0.34,3,231.1,57,56.4,7.67,9.6,0
120,1,0,0.0,3,180.0,80,50.0,11.21,4.7,0
65,1,1,3.38,4,208.8,119,81.8,7.11,12.5,0
23,1,1,2.54,1,156.6,84,66.4,8.08,9.4,0
86,1,0,0.0,4,226.3,88,58.0,11.15,13.0,0
97,1,0,0.0,3,218.0,86,53.0,9.2,6.4,0
90,1,0,0.0,2,205.7,138,49.0,8.1,12.5,0
92,0,0,0.0,0,255.8,125,56.0,7.14,11.7,0
99,0,0,0.0,4,197.2,127,47.0,7.8,9.9,0
91,1,0,0.0,1,133.8,61,37.0,7.94,10.5,0
94,1,0,0.18,1,234.4,103,65.8,13.97,2.0,1
74,1,0,0.32,2,298.1,112,71.2,10.07,9.7,1
154,1,1,2.43,2,192.3,82,71.3,8.27,9.0,0
94,1,0,0.22,0,137.5,118,43.2,10.16,13.4,0
75,1,0,0.0,2,122.8,89,39.0,10.57,10.7,0
131,1,1,1.4,1,177.1,100,61.0,9.7,5.2,0
86,1,0,0.0,2,126.3,115,36.0,8.44,9.8,0
60,1,0,0.0,2,289.8,101,71.0,12.78,11.7,1
57,1,0,0.0,0,158.1,117,37.0,5.76,11.8,0
137,1,0,0.0,2,206.4,122,46.0,6.4,8.8,0
67,1,0,0.34,6,260.4,107,65.4,10.41,10.0,0
95,1,0,0.0,2,269.0,120,66.0,11.69,7.3,1
60,1,0,0.0,2,98.2,88,33.0,9.03,9.3,0
149,1,0,0.0,0,237.6,79,57.0,9.62,9.1,0
87,1,0,0.0,0,171.6,119,47.0,10.25,13.8,0
120,1,1,3.13,0,299.5,83,96.3,8.17,11.6,0
174,1,0,0.29,1,239.2,72,59.9,9.43,8.8,0
65,1,0,0.0,1,187.9,116,46.0,7.88,7.5,0
142,1,0,0.0,1,145.4,93,43.0,10.46,10.9,0
78,1,1,2.57,2,160.6,85,72.7,11.16,9.5,0
76,1,0,0.0,0,203.6,61,49.0,8.09,8.4,0
120,1,1,2.62,2,212.7,73,85.2,12.88,9.7,0
106,1,1,2.19,1,83.6,131,53.9,10.2,8.1,0
112,1,1,3.59,0,60.6,113,60.9,8.3,13.3,0
55,0,0,0.0,0,106.1,77,29.0,6.18,12.9,0
140,1,0,0.0,0,194.8,107,48.0,8.55,13.9,0
163,1,0,0.35,4,178.7,56,52.5,10.79,10.6,0
89,1,0,0.25,3,115.4,99,40.5,10.5,15.9,0
63,1,0,0.0,1,58.9,125,25.0,8.48,9.4,0
115,1,0,0.0,1,127.7,67,38.0,9.15,10.6,0
88,1,0,0.0,4,85.7,112,34.0,11.08,11.6,1
28,1,0,0.0,2,180.8,109,56.0,14.44,14.1,0
90,1,1,2.08,1,183.8,76,71.8,11.49,7.7,0
78,1,0,0.4,4,103.5,115,32.0,5.9,12.0,1
72,1,0,0.28,1,147.0,79,41.8,8.12,10.5,0
83,1,0,0.0,1,227.9,78,57.0,10.38,12.1,0
1,1,1,2.27,0,183.1,95,73.7,11.63,8.4,0
98,1,0,0.0,5,206.5,92,51.0,8.81,12.4,0
131,1,0,0.0,1,175.1,73,45.0,8.6,7.3,0
123,1,0,0.0,3,166.9,98,48.0,11.09,12.8,0
126,1,0,0.0,1,228.7,102,54.0,8.44,11.8,0
129,1,0,0.37,0,98.0,99,41.7,12.04,10.5,0
56,1,0,0.0,2,164.3,92,48.0,11.69,11.8,0
80,1,0,0.0,2,220.0,114,56.0,10.39,12.1,0
107,1,1,3.89,2,283.4,104,106.9,11.21,14.4,0
116,1,0,0.0,2,89.5,128,31.0,9.04,14.0,0
74,1,1,2.67,4,249.4,70,87.7,10.48,9.9,0
112,1,0,0.0,1,261.4,108,58.0,7.73,11.6,0
102,1,0,0.0,2,156.5,67,44.0,10.22,9.9,0
200,1,0,0.0,1,128.2,87,34.0,6.66,11.2,0
132,1,0,0.0,1,206.2,100,53.0,10.56,10.2,0
57,1,0,0.2,2,149.3,100,45.0,10.01,11.9,0
107,1,0,0.0,1,222.3,101,63.0,14.3,12.1,1
126,1,0,0.0,1,211.6,70,55.0,10.85,7.8,0
66,0,0,0.28,3,208.7,84,53.8,8.67,8.3,0
103,1,0,0.0,3,206.5,125,51.0,9.01,12.2,0
75,1,0,0.0,1,166.3,125,42.0,7.91,6.1,0
42,0,0,0.0,2,180.7,127,46.0,8.73,12.0,0
68,1,0,0.2,2,172.7,95,44.0,6.96,11.7,0
72,1,1,2.21,2,138.1,113,68.1,13.01,8.2,0
61,1,1,2.75,2,105.0,78,61.5,9.03,10.2,1
87,1,0,0.0,1,168.2,92,48.0,11.24,12.9,0
80,1,0,0.35,2,127.8,67,41.5,9.08,15.9,0
115,1,0,0.0,2,184.1,98,60.0,16.35,7.5,0
103,1,0,0.0,8,150.6,125,40.0,8.46,10.4,1
193,1,0,0.0,1,170.9,124,41.0,6.62,11.6,0
85,1,0,0.0,2,236.9,93,58.0,9.89,11.4,1
90,1,1,3.08,1,94.8,89,65.8,10.96,11.4,0
48,1,0,0.0,2,210.8,84,52.0,9.48,16.4,0
65,1,0,0.0,2,153.9,117,45.0,11.01,8.5,0
24,1,0,0.0,2,149.0,73,37.0,6.55,8.6,1
68,1,0,0.11,3,222.8,99,54.1,8.79,11.0,0
113,1,0,0.0,1,215.6,96,54.0,9.67,13.5,0
96,1,0,0.0,1,97.6,98,26.0,5.28,11.6,0
152,0,1,3.83,9,237.5,120,100.3,12.67,14.2,1
49,1,1,2.16,3,214.4,78,78.6,11.76,8.0,0
1,1,0,0.0,1,175.2,74,43.0,7.59,5.3,0
87,1,1,2.86,0,214.0,113,80.6,9.0,10.6,0
135,1,0,0.17,2,239.9,91,57.7,8.86,5.9,0
65,1,0,0.0,3,211.3,120,50.0,8.13,13.2,0
73,1,0,0.0,0,175.4,130,51.0,12.41,12.2,0
172,1,0,0.0,2,270.0,102,68.0,12.83,12.0,1
153,1,0,0.0,1,159.5,103,51.0,13.78,10.1,1
96,1,0,0.0,2,98.2,100,43.0,15.36,7.6,0
128,1,0,0.36,3,247.3,91,61.6,9.14,14.7,0
77,1,1,1.92,2,209.7,73,71.2,9.18,7.1,0
48,1,0,0.0,1,240.0,88,53.0,7.05,7.1,0
87,1,0,0.0,1,110.9,91,33.0,7.93,6.2,0
86,1,1,3.43,2,261.2,122,97.3,10.71,12.7,0
136,0,0,0.0,3,199.6,89,52.0,10.57,11.0,1
192,1,0,0.34,2,185.0,88,54.4,11.25,11.4,0
125,1,0,0.0,2,126.7,113,35.0,7.78,14.4,0
95,1,1,3.05,3,283.1,112,103.5,14.31,11.3,0
95,1,0,0.0,2,167.6,96,44.0,8.8,13.4,0
136,1,1,1.86,1,205.5,86,79.6,14.93,6.9,0
90,1,0,0.0,1,261.8,128,64.0,11.03,9.6,0
79,1,0,0.0,1,147.0,72,40.0,8.29,8.4,0
100,1,1,4.29,1,153.7,115,80.9,6.89,15.9,0
94,1,0,0.28,3,269.2,104,65.8,9.69,8.9,1
143,1,1,2.08,1,141.4,130,60.8,9.32,7.7,0
100,1,0,0.2,2,264.5,117,64.0,9.7,7.5,1
138,1,0,0.0,5,194.3,83,50.0,9.5,9.0,0
179,1,0,0.0,0,116.1,101,37.0,10.09,11.6,0
95,1,0,0.0,0,58.2,96,28.0,10.11,10.4,0
155,1,0,0.0,3,165.4,108,44.0,9.19,8.9,0
94,1,1,3.46,1,170.1,124,80.6,9.67,12.8,0
101,1,1,1.97,1,262.2,101,77.7,7.85,7.3,0
83,1,0,0.0,3,221.4,103,58.0,11.59,9.8,0
158,1,0,0.0,2,172.4,114,52.0,12.83,0.0,0
101,1,0,0.0,0,257.3,84,60.0,9.24,13.5,0
111,1,0,0.0,4,176.9,128,39.0,5.14,10.5,1
110,1,0,0.23,1,178.5,124,45.3,7.35,9.9,0
50,1,0,0.0,1,157.1,90,46.0,11.17,6.1,0
79,1,1,3.29,3,103.1,90,71.9,12.15,12.2,0
217,1,0,0.0,4,176.4,115,44.0,7.94,9.3,0
107,1,0,0.0,2,90.7,90,34.0,10.38,5.6,0
59,1,0,0.27,2,166.3,95,51.7,11.97,10.0,0
104,1,0,0.0,0,234.2,128,65.0,14.66,9.8,1
155,1,1,3.62,2,243.9,112,89.2,6.65,13.4,0
121,1,1,4.08,0,170.4,91,91.8,12.73,15.1,0
52,1,0,0.35,2,214.7,68,53.5,7.93,9.4,0
161,1,0,0.16,4,191.9,113,40.6,3.55,13.4,1
50,1,1,2.86,1,214.3,129,90.6,14.49,10.6,0
167,1,0,0.0,4,169.2,124,44.0,8.67,12.4,1
121,1,1,2.86,1,126.3,84,68.6,10.48,10.6,0
128,1,1,2.32,0,179.3,104,73.2,11.3,8.6,0
118,1,0,0.32,1,187.4,97,50.2,8.89,12.2,0
115,1,1,3.11,1,222.6,81,86.1,9.52,11.5,0
96,1,0,0.0,1,173.9,111,54.0,14.37,9.1,0
73,1,0,0.43,1,194.8,112,52.3,8.36,10.8,0
107,1,1,1.51,1,160.3,45,62.1,11.08,5.6,0
94,1,0,0.15,0,139.4,95,39.5,7.96,7.7,0
73,1,1,3.11,0,194.4,104,80.1,8.8,11.5,0
84,1,0,0.0,3,225.9,86,62.0,13.78,14.3,1
99,1,0,0.0,3,256.4,44,62.0,10.73,7.9,1
72,1,0,0.0,0,253.0,73,62.0,10.97,9.8,0
105,1,1,2.4,1,186.9,114,78.0,12.82,8.9,0
76,1,0,0.0,4,107.3,140,39.0,11.91,10.0,1
148,0,0,0.0,0,218.9,88,55.0,10.4,11.1,0
109,1,0,0.0,2,170.7,101,50.0,12.01,11.4,0
168,1,0,0.0,1,128.8,96,31.0,5.25,11.2,0
126,0,1,2.59,1,129.3,123,62.9,8.83,9.6,0
32,1,1,4.4,1,266.7,109,110.0,11.62,16.3,0
138,1,1,4.05,1,183.9,83,92.5,12.04,15.0,0
118,1,1,4.56,1,118.1,83,75.6,5.48,16.9,0
40,0,0,0.0,3,170.7,55,45.0,8.96,8.2,0
46,1,0,0.21,3,199.2,111,51.1,8.76,10.2,0
106,1,0,0.0,3,208.3,89,50.0,8.47,15.9,0
145,1,0,0.0,1,245.8,116,67.0,14.34,9.0,1
98,1,0,0.0,4,161.0,117,44.0,9.55,12.1,0
138,0,0,0.0,1,268.4,81,61.0,8.72,11.6,0
150,1,0,0.0,4,189.3,77,51.0,11.05,9.2,0
51,1,0,0.0,1,232.4,109,56.0,9.37,9.1,0
92,0,0,0.0,1,62.6,111,26.0,9.03,10.4,1
76,1,0,0.36,5,129.7,84,41.6,8.88,7.5,1
98,1,1,2.89,2,213.7,61,86.9,12.65,10.7,0
68,1,0,0.0,2,219.6,97,50.0,7.06,10.8,0
51,1,0,0.0,0,169.3,111,41.0,6.98,12.0,0
139,1,0,0.0,4,181.6,119,60.0,16.79,8.3,0
88,1,1,2.94,1,93.4,106,67.4,12.6,10.9,0
148,1,0,0.0,1,208.4,120,51.0,8.72,11.2,0
141,1,1,2.84,3,187.5,99,81.4,12.07,10.5,0
149,1,1,3.4,3,180.7,92,81.0,9.39,12.6,0
131,1,0,0.0,1,131.6,95,38.0,8.97,15.5,1
42,1,0,0.0,1,92.2,108,34.0,10.56,13.1,0
44,1,0,0.0,0,288.8,86,65.0,8.8,9.5,1
90,1,0,0.0,3,37.8,80,20.0,7.77,14.2,0
72,1,1,1.57,1,92.8,98,54.7,13.56,5.8,0
97,0,0,0.38,0,236.9,107,57.8,7.88,7.3,1
101,1,0,0.0,3,248.6,102,58.0,8.75,6.1,0
117,1,0,0.0,1,143.3,103,43.0,10.57,11.5,0
99,1,0,0.0,1,241.1,72,55.0,7.78,11.6,0
70,1,1,2.54,3,143.4,72,64.4,8.5,9.4,0
92,0,1,2.03,0,281.1,88,85.3,9.9,7.5,0
86,1,0,0.34,1,166.2,112,53.4,12.77,5.4,0
158,1,0,0.14,0,205.2,97,57.4,12.03,14.4,0
123,1,0,0.0,1,159.1,94,48.0,12.08,6.5,0
63,1,1,3.32,1,152.2,119,79.2,11.36,12.3,0
73,1,0,0.0,1,192.2,86,47.0,8.43,9.4,0
162,1,1,2.51,1,179.7,144,75.1,10.91,9.3,1
87,1,1,1.92,2,240.8,102,67.2,3.8,7.1,0
151,1,0,0.0,0,178.7,116,56.0,14.61,9.8,0
68,1,0,0.41,3,131.6,89,39.1,6.85,10.2,0
83,1,0,0.0,2,134.8,96,38.0,8.36,7.7,0
111,1,1,3.62,2,96.8,123,67.2,8.53,13.4,0
54,1,0,0.0,1,210.5,102,54.0,10.23,8.5,0
74,1,0,0.0,1,106.4,84,31.0,7.01,11.4,0
36,1,1,2.43,2,281.4,102,90.3,10.11,9.0,0
126,1,0,0.0,1,190.9,143,46.0,7.49,13.0,0
55,1,1,2.97,3,165.6,123,69.7,6.81,11.0,0
53,1,0,0.0,0,168.8,97,48.0,11.02,10.9,0
44,0,0,0.0,1,62.3,92,34.0,13.75,10.8,0
131,1,1,2.94,2,192.7,85,81.4,11.3,10.9,0
79,1,0,0.31,3,156.9,109,41.1,6.11,11.3,0
101,1,1,2.73,0,121.1,116,64.3,9.32,10.1,0
132,1,0,0.0,1,121.5,88,43.0,12.65,10.7,0
74,1,0,0.0,0,221.1,124,48.0,5.54,10.6,0
127,1,1,3.02,1,183.2,117,72.2,6.34,11.2,0
89,1,0,0.0,1,82.3,77,29.0,8.36,7.2,0
67,1,0,0.0,1,176.2,120,51.0,11.8,10.6,0
98,0,1,2.92,1,245.5,54,96.2,14.64,10.8,0
132,1,0,0.31,1,191.9,107,54.1,10.35,12.6,0
25,1,0,0.26,2,178.8,90,45.6,7.06,8.4,0
99,1,0,0.0,0,155.3,93,49.0,13.29,12.4,0
221,1,1,0.65,0,180.5,85,56.5,11.21,2.4,0
97,1,1,2.24,3,121.1,105,65.4,13.01,8.3,0
57,1,1,3.19,1,201.2,76,90.9,14.01,11.8,0
90,1,1,3.4,2,156.7,51,81.0,11.83,12.6,0
120,1,1,2.84,0,200.3,68,81.4,11.02,10.5,0
116,1,0,0.2,1,146.4,123,42.0,8.83,7.8,0
156,1,1,4.0,1,192.3,137,90.0,10.0,14.8,0
209,1,0,0.0,3,255.1,124,63.0,11.53,8.5,1
49,1,0,0.0,2,266.3,90,63.0,10.39,14.0,1
143,1,0,0.2,1,155.5,101,47.0,10.67,7.6,0
192,1,0,0.0,4,221.6,101,62.0,14.26,12.7,0
149,1,0,0.0,1,140.4,94,47.0,13.59,11.1,0
67,1,1,2.54,1,230.6,40,81.4,9.46,9.4,0
92,1,1,3.19,1,172.3,116,83.9,13.31,11.8,0
59,1,0,0.51,4,182.5,104,54.1,10.24,11.3,0
122,1,1,1.86,2,230.1,108,82.6,14.38,6.9,0
78,1,0,0.0,0,193.1,85,48.0,8.61,10.2,0
130,1,0,0.33,4,271.8,129,70.3,11.86,8.7,1
61,1,1,1.73,4,187.5,124,62.3,7.33,6.4,1
131,1,1,3.43,1,170.8,145,84.3,11.84,12.7,0
133,1,0,0.0,2,187.0,65,44.0,7.07,10.0,0
131,1,0,0.0,0,112.8,133,37.0,9.97,10.1,0
120,1,1,0.0,1,128.5,115,36.0,8.19,0.0,0
146,1,1,2.73,2,180.7,82,73.3,8.69,10.1,0
64,1,0,0.0,5,148.1,73,40.0,8.25,12.3,1
119,1,0,0.0,0,124.3,68,39.0,10.36,14.8,0
163,1,0,0.0,1,223.0,120,58.0,11.35,8.8,0
88,1,0,0.0,1,192.0,91,44.0,6.38,7.5,0
84,1,0,0.0,0,169.5,96,43.0,7.88,10.6,0
232,1,0,0.14,1,165.6,104,46.4,9.8,11.8,0
111,1,0,0.0,0,249.8,109,64.0,12.12,11.6,1
142,1,0,0.42,0,216.8,134,57.2,9.39,8.3,0
142,1,0,0.2,4,232.5,74,57.0,9.09,10.4,0
64,0,1,2.19,0,127.2,93,57.9,8.15,8.1,0
163,1,1,2.38,1,224.0,126,81.8,11.68,8.8,0
90,0,1,3.59,0,169.0,104,80.9,9.44,13.3,1
17,1,0,0.0,1,161.5,123,46.0,10.71,8.6,0
